﻿Prüfschritt,Nummer,Name,Prinzip,Richtlinie,Konformitätslevel,Link BITV,Link WCAG,Prüfstatus,Stichprobe 1,Stichprobe 2,Stichprobe 3,Anhänge
1.1.1a  | Alternativtexte für Bedienelemente  | A,1.1.1a ,Alternativtexte für Bedienelemente ,1 Wahrnehmbar,1.1 Textalternativen,A,https://ergebnis.bitvtest.de/pruefschritt/wcag-21-web/wcag-21-web-1-1-1a-alternativtexte-fuer-bedienelemente,https://www.barrierefreies-webdesign.de/richtlinien/wcag-2.1/erfolgskriterien/nicht-text-inhalt.html, geprüft,  nicht erfüllt
1.1.1b | Alternativtexte für Grafiken und Objekte | A,1.1.1b,Alternativtexte für Grafiken und Objekte,1 Wahrnehmbar,1.1 Textalternativen,A,https://ergebnis.bitvtest.de/pruefschritt/wcag-21-web/wcag-21-web-1-1-1b-alternativtexte-fuer-grafiken-und-objekte,https://www.barrierefreies-webdesign.de/richtlinien/wcag-2.1/erfolgskriterien/nicht-text-inhalt.html, geprüft, Nicht erfüllt
1.1.1c | Leere alt-Attribute für Layoutgrafiken | A,1.1.1c,Leere alt-Attribute für Layoutgrafiken,1 Wahrnehmbar,1.1 Textalternativen,A,https://ergebnis.bitvtest.de/pruefschritt/wcag-21-web/wcag-21-web-1-1-1c-leere-alt-attribute-fuer-layoutgrafiken,https://www.barrierefreies-webdesign.de/richtlinien/wcag-2.1/erfolgskriterien/nicht-text-inhalt.html, geprüft, Nicht erfüllt
1.1.1d  | Alternativen für CAPTCHAs | A,1.1.1d ,Alternativen für CAPTCHAs,1 Wahrnehmbar,1.1 Textalternativen,A,https://ergebnis.bitvtest.de/pruefschritt/wcag-21-web/wcag-21-web-1-1-1d-alternativen-fuer-captchas,https://www.barrierefreies-webdesign.de/richtlinien/wcag-2.1/erfolgskriterien/nicht-text-inhalt.html,nicht prüfbar, keine CAPTCHAs
1.2.1 | Alternativen für Audiodateien und stumme Videos | A,1.2.1,Alternativen für Audiodateien und stumme Videos,1 Wahrnehmbar,1.2 Zeitbasierte Medien,A,https://ergebnis.bitvtest.de/pruefschritt/wcag-21-web/wcag-21-web-1-2-1-alternativen-fuer-audiodateien-und-stumme-videos,https://www.barrierefreies-webdesign.de/richtlinien/wcag-2.1/erfolgskriterien/reine-audio-und-videoinhalte-aufgezeichnet.html,nicht prüfbar, keine Audiodateien oder stumme Videos
1.2.2 | Aufgezeichnete Videos mit Untertiteln | A,1.2.2,Aufgezeichnete Videos mit Untertiteln,1 Wahrnehmbar,1.2 Zeitbasierte Medien,A,https://ergebnis.bitvtest.de/pruefschritt/wcag-21-web/wcag-21-web-1-2-2-aufgezeichnete-videos-mit-untertiteln,https://www.barrierefreies-webdesign.de/richtlinien/wcag-2.1/erfolgskriterien/untertitel-aufgezeichnet.html,nicht prüfbar, keine Videos
1.2.3 | Audiodeskription oder Medienalternative (aufgezeichnet) | A,1.2.3,Audiodeskription oder Medienalternative (aufgezeichnet),1 Wahrnehmbar,1.2 Zeitbasierte Medien,A,https://ergebnis.bitvtest.de/pruefschritt/wcag-21-web/wcag-21-web-1-2-3-audiodeskription-oder-volltext-alternative-fuer-videos,https://www.barrierefreies-webdesign.de/richtlinien/wcag-2.1/erfolgskriterien/audiodeskription-oder-medienalternative-aufgezeichnet.html,nicht prüfbar, keine Videos
1.2.4 | Videos (live) mit Untertiteln | AA,1.2.4,Videos (live) mit Untertiteln,1 Wahrnehmbar,1.2 Zeitbasierte Medien,AA,https://ergebnis.bitvtest.de/pruefschritt/wcag-21-web/wcag-21-web-1-2-4-videos-live-mit-untertiteln,https://www.barrierefreies-webdesign.de/richtlinien/wcag-2.1/erfolgskriterien/untertitel-live.html,nicht prüfbar, keine Videos
1.2.5 | Audiodeskription für Videos (Aufgezeichnet) | AA,1.2.5,Audiodeskription für Videos (Aufgezeichnet),1 Wahrnehmbar,1.2 Zeitbasierte Medien,AA,https://ergebnis.bitvtest.de/pruefschritt/wcag-21-web/wcag-21-web-1-2-5-audiodeskription-fuer-videos,https://www.barrierefreies-webdesign.de/richtlinien/wcag-2.1/erfolgskriterien/audiodeskription-aufgezeichnet.html,nicht prüfbar, keine Videos
1.3.1a |  Info und Beziehungen (HTML-Strukturelemente für Überschriften) | A,1.3.1a, Info und Beziehungen (HTML-Strukturelemente für Überschriften),1 Wahrnehmbar,1.3 Anpassung von Inhalt und Darstellung,A,https://ergebnis.bitvtest.de/pruefschritt/wcag-21-web/wcag-21-web-1-3-1a-html-strukturelemente-fuer-ueberschriften,https://www.barrierefreies-webdesign.de/richtlinien/wcag-2.1/erfolgskriterien/linkzweck-im-kontext.html,geprüft, teilweise erfüllt
1.3.1b |  Info und Beziehungen (HTML-Strukturelemente für Listen) | A,1.3.1b, Info und Beziehungen (HTML-Strukturelemente für Listen),1 Wahrnehmbar,1.3 Anpassung von Inhalt und Darstellung,A,https://ergebnis.bitvtest.de/pruefschritt/wcag-21-web/wcag-21-web-1-3-1b-html-strukturelemente-fuer-listen,https://www.barrierefreies-webdesign.de/richtlinien/wcag-2.1/erfolgskriterien/linkzweck-im-kontext.html, geprüft, Stichprobe: Menü: Erfüllt
1.3.1c |  Info und Beziehungen (HTML-Strukturelemente für Zitate) | A,1.3.1c, Info und Beziehungen (HTML-Strukturelemente für Zitate),1 Wahrnehmbar,1.3 Anpassung von Inhalt und Darstellung,A,https://ergebnis.bitvtest.de/pruefschritt/wcag-21-web/wcag-21-web-1-3-1c-html-strukturelemente-fuer-zitate,https://www.barrierefreies-webdesign.de/richtlinien/wcag-2.1/erfolgskriterien/linkzweck-im-kontext.html, nicht prüfbar, Keine Zitate
"1.3.1d |  Info und Beziehungen (HTML-Strukturelemente für p,strong,em) | A,1.3.1d,"" Info und Beziehungen (HTML-Strukturelemente für p,strong,em)"",1 Wahrnehmbar,1.3 Anpassung von Inhalt und Darstellung,A,https://ergebnis.bitvtest.de/pruefschritt/wcag-21-web/wcag-21-web-1-3-1d-inhalt-gegliedert,https://www.barrierefreies-webdesign.de/richtlinien/wcag-2.1/erfolgskriterien/linkzweck-im-kontext.html, geprüft, erfüllt"
1.3.1e |  Info und Beziehungen (Datentabellen richtig aufgebaut) | A,1.3.1e, Info und Beziehungen (Datentabellen richtig aufgebaut),1 Wahrnehmbar,1.3 Anpassung von Inhalt und Darstellung,A,https://ergebnis.bitvtest.de/pruefschritt/wcag-21-web/wcag-21-web-1-3-1e-datentabellen-richtig-aufgebaut,https://www.barrierefreies-webdesign.de/richtlinien/wcag-2.1/erfolgskriterien/linkzweck-im-kontext.html, nicht prüfbar, keine Datentabellen vorhanden
1.3.1f |  Info und Beziehungen (Zuordnung von Tabellenzellen) | A,1.3.1f, Info und Beziehungen (Zuordnung von Tabellenzellen),1 Wahrnehmbar,1.3 Anpassung von Inhalt und Darstellung,A,,https://www.barrierefreies-webdesign.de/richtlinien/wcag-2.1/erfolgskriterien/linkzweck-im-kontext.html, nicht prüfbar, keine Tabellen vorhanden
1.3.1g |  Info und Beziehungen (Kein Strukturmarkup für Layouttabellen) | A,1.3.1g, Info und Beziehungen (Kein Strukturmarkup für Layouttabellen),1 Wahrnehmbar,1.3 Anpassung von Inhalt und Darstellung,A,https://ergebnis.bitvtest.de/pruefschritt/wcag-21-web/wcag-21-web-1-3-1g-kein-strukturmarkup-fuer-layouttabellen,https://www.barrierefreies-webdesign.de/richtlinien/wcag-2.1/erfolgskriterien/linkzweck-im-kontext.html, nicht prüfbar, keine Tabellen vorhanden
1.3.1h |  Info und Beziehungen (Beschriftung von Formularelementen programmatisch ermittelbar) | A,1.3.1h, Info und Beziehungen (Beschriftung von Formularelementen programmatisch ermittelbar),1 Wahrnehmbar,1.3 Anpassung von Inhalt und Darstellung,A,https://ergebnis.bitvtest.de/pruefschritt/wcag-21-web/wcag-21-web-1-3-1h-beschriftung-von-formularelementen-programmatisch-ermittelbar,https://www.barrierefreies-webdesign.de/richtlinien/wcag-2.1/erfolgskriterien/linkzweck-im-kontext.html, nicht prüfbar
1.3.2 | Sinnvolle Reihenfolge | A,1.3.2,Sinnvolle Reihenfolge,1 Wahrnehmbar,1.3 Anpassung von Inhalt und Darstellung,A,https://ergebnis.bitvtest.de/pruefschritt/wcag-21-web/wcag-21-web-1-3-2-sinnvolle-reihenfolge,https://www.barrierefreies-webdesign.de/richtlinien/wcag-2.1/erfolgskriterien/bedeutungstragende-reihenfolge.html, geprüft, Erfüllt,
1.3.3 | Ohne Bezug auf sensorische Merkmale nutzbar | A,1.3.3,Ohne Bezug auf sensorische Merkmale nutzbar,1 Wahrnehmbar,1.3 Anpassung von Inhalt und Darstellung,A,https://ergebnis.bitvtest.de/pruefschritt/wcag-21-web/wcag-21-web-1-3-3-ohne-bezug-auf-sensorische-merkmale-nutzbar,https://www.barrierefreies-webdesign.de/richtlinien/wcag-2.1/erfolgskriterien/sensorische-eigenschaften.html, geprüft,  Nicht erfüllt
1.3.4 | Bildschirmausrichtung (Keine Beschränkung der Bildschirmausrichtung) | AA,1.3.4,Bildschirmausrichtung (Keine Beschränkung der Bildschirmausrichtung),1 Wahrnehmbar,1.3 Anpassung von Inhalt und Darstellung,AA,https://ergebnis.bitvtest.de/pruefschritt/wcag-21-web/wcag-21-web-1-3-4-keine-beschraenkung-der-bildschirmausrichtung,https://www.barrierefreies-webdesign.de/richtlinien/wcag-2.1/erfolgskriterien/bildschirmausrichtung.html, geprüft, nicht erfüllt
1.3.5 | Eingabefelder zu Nutzerdaten vermitteln den Zweck | AA,1.3.5,Eingabefelder zu Nutzerdaten vermitteln den Zweck,1 Wahrnehmbar,1.3 Anpassung von Inhalt und Darstellung,AA,https://ergebnis.bitvtest.de/pruefschritt/wcag-21-web/wcag-21-web-1-3-5-eingabefelder-zu-nutzerdaten-vermitteln-den-zweck,https://www.barrierefreies-webdesign.de/richtlinien/wcag-2.1/erfolgskriterien/bestimmung-des-eingabezwecks.html, nicht prüfbar, Keine Eingabefelder für Nutzerdaten vorhanden
1.4.1 |   Benutzung von Farbe (Ohne Farben nutzbar) | A,1.4.1,  Benutzung von Farbe (Ohne Farben nutzbar),1 Wahrnehmbar,1.4 Unterscheidbarkeit,A,https://ergebnis.bitvtest.de/pruefschritt/wcag-21-web/wcag-21-web-1-4-1-ohne-farben-nutzbar,https://www.barrierefreies-webdesign.de/richtlinien/wcag-2.1/erfolgskriterien/reine-audio-und-videoinhalte-aufgezeichnet.html, nicht prüfbar, keine Elemente mit Farbveränderung vorhanden
1.4.2 | Ton abschaltbar | A,1.4.2,Ton abschaltbar,1 Wahrnehmbar,1.4 Unterscheidbarkeit,A,https://ergebnis.bitvtest.de/pruefschritt/wcag-21-web/wcag-21-web-1-4-2-ton-abschaltbar,https://www.barrierefreies-webdesign.de/richtlinien/wcag-2.1/erfolgskriterien/audio-steuerelement.html, nicht prüfbar, keine Elemente mit Ton vorhanden
1.4.3 | Kontrast (Minimum) | AA,1.4.3,Kontrast (Minimum),1 Wahrnehmbar,1.4 Unterscheidbarkeit,AA,https://ergebnis.bitvtest.de/pruefschritt/wcag-21-web/wcag-21-web-1-4-3-kontraste-von-texten-ausreichend,https://www.barrierefreies-webdesign.de/richtlinien/wcag-2.1/erfolgskriterien/kontrast-minimum.html, geprüft, Erfüllt
1.4.4 | Textgröße ändern (Text auf 200 % vergrößerbar) | AA,1.4.4,Textgröße ändern (Text auf 200 % vergrößerbar),1 Wahrnehmbar,1.4 Unterscheidbarkeit,AA,https://ergebnis.bitvtest.de/pruefschritt/wcag-21-web/wcag-21-web-1-4-4-text-auf-200-vergroesserbar,https://www.barrierefreies-webdesign.de/richtlinien/wcag-2.1/erfolgskriterien/textgroesse-aendern.html, geprüft, Erfüllt
1.4.5 | Verzicht auf Schriftgrafiken | AA,1.4.5,Verzicht auf Schriftgrafiken,1 Wahrnehmbar,1.4 Unterscheidbarkeit,AA,https://ergebnis.bitvtest.de/pruefschritt/wcag-21-web/wcag-21-web-1-4-5-verzicht-auf-schriftgrafiken,https://www.barrierefreies-webdesign.de/richtlinien/wcag-2.1/erfolgskriterien/bilder-eines-textes.html, geprüft, Nicht erfüllt
1.4.10 | Inhalte brechen um | AA,1.4.10,Inhalte brechen um,1 Wahrnehmbar,1.4 Unterscheidbarkeit,AA,https://ergebnis.bitvtest.de/pruefschritt/wcag-21-web/wcag-21-web-1-4-10-inhalte-brechen-um,https://www.barrierefreies-webdesign.de/richtlinien/wcag-2.1/erfolgskriterien/umfluss-reflow.html, geprüft, Erfüllt
1.4.11 | Kontraste von Grafiken und grafischen Bedienelementen ausreichend | AA,1.4.11,Kontraste von Grafiken und grafischen Bedienelementen ausreichend,1 Wahrnehmbar,1.4 Unterscheidbarkeit,AA,https://ergebnis.bitvtest.de/pruefschritt/wcag-21-web/wcag-21-web-1-4-11-kontraste-von-grafiken-und-grafischen-bedienelementen-ausreichend,https://www.barrierefreies-webdesign.de/richtlinien/wcag-2.1/erfolgskriterien/nicht-text-kontrast.html,geprüft, Erfüllt
1.4.12 | Textabstände anpassbar | AA,1.4.12,Textabstände anpassbar,1 Wahrnehmbar,1.4 Unterscheidbarkeit,AA,https://ergebnis.bitvtest.de/pruefschritt/wcag-21-web/wcag-21-web-1-4-12-textabstaende-anpassbar,https://www.barrierefreies-webdesign.de/richtlinien/wcag-2.1/erfolgskriterien/textabstand.html, geprüft, Erfüllt,
1.4.13 | Eingeblendete Inhalte bedienbar | AA,1.4.13,Eingeblendete Inhalte bedienbar,1 Wahrnehmbar,1.4 Unterscheidbarkeit,AA,https://ergebnis.bitvtest.de/pruefschritt/wcag-21-web/wcag-21-web-1-4-13-eingeblendete-inhalte-bedienbar,https://www.barrierefreies-webdesign.de/richtlinien/wcag-2.1/erfolgskriterien/inhalt-bei-ueberfahren-mit-dem-zeiger-oder-tastaturfokus-hover-oder-focus.html,nicht prüfbar, Elemente nicht vorhanden
2.1.1 |  Tastatur (Ohne Maus nutzbar) | A,2.1.1, Tastatur (Ohne Maus nutzbar),2 Bedienbar,2.1 Tastaturzugänglichkeit,A,https://ergebnis.bitvtest.de/pruefschritt/wcag-21-web/wcag-21-web-2-1-1-ohne-maus-nutzbar,https://www.barrierefreies-webdesign.de/richtlinien/wcag-2.1/erfolgskriterien/tastatur.html,geprüft, teilweise erfüllt (Buttons nicht bedienbar)
2.1.2 | Keine Tastaturfalle | A,2.1.2,Keine Tastaturfalle,2 Bedienbar,2.1 Tastaturzugänglichkeit,A,https://ergebnis.bitvtest.de/pruefschritt/wcag-21-web/wcag-21-web-2-1-2-keine-tastaturfalle,https://www.barrierefreies-webdesign.de/richtlinien/wcag-2.1/erfolgskriterien/keine-tastaturfalle.html, geprüft, nicht Erfüllt
2.1.4 | Tastatur-Kurzbefehle abschaltbar oder anpassbar | A,2.1.4,Tastatur-Kurzbefehle abschaltbar oder anpassbar,2 Bedienbar,2.1 Tastaturzugänglichkeit,A,https://ergebnis.bitvtest.de/pruefschritt/wcag-21-web/wcag-21-web-2-1-4-tastatur-kurzbefehle-abschaltbar-oder-anpassbar,https://www.barrierefreies-webdesign.de/richtlinien/wcag-2.1/erfolgskriterien/zeichentastenbefehle.html, nicht prüfbar, keine Tastatur-Kurzbefehle vorhanden
2.2.1 | Zeitbegrenzungen anpassbar | A,2.2.1,Zeitbegrenzungen anpassbar,2 Bedienbar,2.2 Ausreichend Zeit,A,https://ergebnis.bitvtest.de/pruefschritt/wcag-21-web/wcag-21-web-2-2-1-zeitbegrenzungen-anpassbar,https://www.barrierefreies-webdesign.de/richtlinien/wcag-2.1/erfolgskriterien/zeiteinteilung-anpassbar.html, nicht prüfbar, keine Auto-Aktualisierung vorhanden,
"2.2.2 | Pausieren, beenden, ausblenden (Bewegte Inhalte abschaltbar) | A,2.2.2,""Pausieren, beenden, ausblenden (Bewegte Inhalte abschaltbar)"",2 Bedienbar,2.2 Ausreichend Zeit,A,https://ergebnis.bitvtest.de/pruefschritt/wcag-21-web/wcag-21-web-2-2-2-bewegte-inhalte-abschaltbar,https://www.barrierefreies-webdesign.de/richtlinien/wcag-2.1/erfolgskriterien/pausieren-beenden-ausblenden.html, nicht prüfbar"
2.4.1 | Blöcke umgehen (Bereiche überspringbar) | A,2.4.1,Blöcke umgehen (Bereiche überspringbar),2 Bedienbar,2.4 Navigierbarkeit,A,https://ergebnis.bitvtest.de/pruefschritt/wcag-21-web/wcag-21-web-2-4-1-bereiche-ueberspringbar,https://www.barrierefreies-webdesign.de/richtlinien/wcag-2.1/erfolgskriterien/bloecke-umgehen.html,geprüft, nicht Erfüllt
2.4.2 | Sinnvolle Dokumenttitel | A,2.4.2,Sinnvolle Dokumenttitel,2 Bedienbar,2.4 Navigierbarkeit,A,https://ergebnis.bitvtest.de/pruefschritt/wcag-21-web/wcag-21-web-2-4-2-sinnvolle-dokumenttitel,https://www.barrierefreies-webdesign.de/richtlinien/wcag-2.1/erfolgskriterien/seite-mit-titel-versehen.html, geprüft, eher erfüllt
2.4.3 | Fokus-Reihenfolge (Schlüssige Reihenfolge bei der Tastaturbedienung) | A,2.4.3,Fokus-Reihenfolge (Schlüssige Reihenfolge bei der Tastaturbedienung),2 Bedienbar,2.4 Navigierbarkeit,A,https://ergebnis.bitvtest.de/pruefschritt/wcag-21-web/wcag-21-web-2-4-3-schluessige-reihenfolge-bei-der-tastaturbedienung,https://www.barrierefreies-webdesign.de/richtlinien/wcag-2.1/erfolgskriterien/fokus-reihenfolge.html, geprüft, nicht voll erfüllt
2.4.4 | Aussagekräftige Linktexte | A,2.4.4,Aussagekräftige Linktexte,2 Bedienbar,2.4 Navigierbarkeit,A,https://ergebnis.bitvtest.de/pruefschritt/wcag-21-web/wcag-21-web-2-4-4-aussagekraeftige-linktexte,https://www.barrierefreies-webdesign.de/richtlinien/wcag-2.1/erfolgskriterien/linkzweck-im-kontext.html, geprüft, teilweise erfüllt
2.4.5 | Alternative Zugangswege | AA,2.4.5,Alternative Zugangswege,2 Bedienbar,2.4 Navigierbarkeit,AA,https://ergebnis.bitvtest.de/pruefschritt/wcag-21-web/wcag-21-web-2-4-5-alternative-zugangswege,https://www.barrierefreies-webdesign.de/richtlinien/wcag-2.1/erfolgskriterien/verschiedene-methoden.html, geprüft, erfüllt
2.4.6 | Aussagekräftige Überschriften und Beschriftungen | A,2.4.6,Aussagekräftige Überschriften und Beschriftungen,2 Bedienbar,2.4 Navigierbarkeit,A,https://ergebnis.bitvtest.de/pruefschritt/wcag-21-web/wcag-21-web-2-4-6-aussagekraeftige-ueberschriften-und-beschriftungen,https://www.barrierefreies-webdesign.de/richtlinien/wcag-2.1/erfolgskriterien/ueberschriften-und-beschriftungen-labels.html,geprüft, Erfüllt
2.4.7 | Fokus sichtbar | AA,2.4.7,Fokus sichtbar,2 Bedienbar,2.4 Navigierbarkeit,AA,https://ergebnis.bitvtest.de/pruefschritt/wcag-21-web/wcag-21-web-2-4-7-aktuelle-position-des-fokus-deutlich,https://www.barrierefreies-webdesign.de/richtlinien/wcag-2.1/erfolgskriterien/fokus-sichtbar.html, geprüft, nicht voll erfüllt
2.4.11 | Fokus nicht verdeckt (Minimum) | AA,2.4.11,Fokus nicht verdeckt (Minimum),2 Bedienbar,2.4 Navigierbarkeit,AA,https://ergebnis.bitvtest.de/pruefschritt/wcag-22-web/wcag-22-web-2-4-11-fokus-nicht-verdeckt-minimum,https://www.w3.org/TR/WCAG22/#focus-not-obscured-minimum, geprüft, nicht erfüllt
2.5.1 | Alternativen für komplexe Zeiger-Gesten | A,2.5.1,Alternativen für komplexe Zeiger-Gesten,2 Bedienbar,2.5 Eingabemodalitäten,A,https://ergebnis.bitvtest.de/pruefschritt/wcag-21-web/wcag-21-web-2-5-1-alternativen-fuer-komplexe-zeiger-gesten,https://www.barrierefreies-webdesign.de/richtlinien/wcag-2.1/erfolgskriterien/zeigergesten.html,nicht prüfbar
2.5.2 | Zeigergesten-Eingaben können abgebrochen oder widerrufen werden | A,2.5.2,Zeigergesten-Eingaben können abgebrochen oder widerrufen werden,2 Bedienbar,2.5 Eingabemodalitäten,A,https://ergebnis.bitvtest.de/pruefschritt/wcag-21-web/wcag-21-web-2-5-2-zeigergesten-eingaben-koennen-abgebrochen-oder-widerrufen-werden,https://www.barrierefreies-webdesign.de/richtlinien/wcag-2.1/erfolgskriterien/zeigeraufhebung.html,nicht prüfbar
2.5.3 | Sichtbare Beschriftung Teil des zugänglichen Namens | A,2.5.3,Sichtbare Beschriftung Teil des zugänglichen Namens,2 Bedienbar,2.5 Eingabemodalitäten,A,https://ergebnis.bitvtest.de/pruefschritt/wcag-21-web/wcag-21-web-2-5-3-sichtbare-beschriftung-teil-des-zugaenglichen-namens,https://www.barrierefreies-webdesign.de/richtlinien/wcag-2.1/erfolgskriterien/beschriftung-label-im-namen.html, geprüft, nicht erfüllt
2.5.4 | Alternativen für Bewegungsaktivierung | A,2.5.4,Alternativen für Bewegungsaktivierung,2 Bedienbar,2.5 Eingabemodalitäten,A,https://ergebnis.bitvtest.de/pruefschritt/wcag-21-web/wcag-21-web-2-5-4-alternativen-fuer-bewegungsaktivierung,https://www.barrierefreies-webdesign.de/richtlinien/wcag-2.1/erfolgskriterien/ausloesen-durch-bewegung.html, nicht prüfbar
3.1.1 | Sprache der Seite (Hauptsprache angeben) | A,3.1.1,Sprache der Seite (Hauptsprache angeben),3 Verständlich,3.1 Lesbarkeit und Verständlichkeit,A,https://ergebnis.bitvtest.de/pruefschritt/wcag-21-web/wcag-21-web-3-1-1-hauptsprache-angegeben,https://www.barrierefreies-webdesign.de/richtlinien/wcag-2.1/erfolgskriterien/sprache-der-seite.html, geprüft, Erfüllt
3.1.2 | Sprache von Teilen (Anderssprachige Wörter und Abschnitte ausgezeichnet) | AA,3.1.2,Sprache von Teilen (Anderssprachige Wörter und Abschnitte ausgezeichnet),3 Verständlich,3.1 Lesbarkeit und Verständlichkeit,AA,https://ergebnis.bitvtest.de/pruefschritt/wcag-21-web/wcag-21-web-3-1-2-anderssprachige-woerter-und-abschnitte-ausgezeichnet,https://www.barrierefreies-webdesign.de/richtlinien/wcag-2.1/erfolgskriterien/sprache-von-teilen.html, geprüft, Nicht erfüllt
3.2.1 | Keine unerwartete Kontextänderung bei Fokus | A,3.2.1,Keine unerwartete Kontextänderung bei Fokus,3 Verständlich,3.2 Vorhersehbarkeit,A,https://ergebnis.bitvtest.de/pruefschritt/wcag-21-web/wcag-21-web-3-2-1-keine-unerwartete-kontextaenderung-bei-fokus,https://www.barrierefreies-webdesign.de/richtlinien/wcag-2.1/erfolgskriterien/bei-fokus.html, geprüft, erfüllt
3.2.2 | Keine unerwartete Kontextänderung bei Eingabe | A,3.2.2,Keine unerwartete Kontextänderung bei Eingabe,3 Verständlich,3.2 Vorhersehbarkeit,A,https://ergebnis.bitvtest.de/pruefschritt/wcag-21-web/wcag-21-web-3-2-2-keine-unerwartete-kontextaenderung-bei-eingabe,https://www.barrierefreies-webdesign.de/richtlinien/wcag-2.1/erfolgskriterien/bei-eingabe.html,geprüft, Erfüllt
3.2.3 | Konsistente Navigation | AA,3.2.3,Konsistente Navigation,3 Verständlich,3.2 Vorhersehbarkeit,AA,https://ergebnis.bitvtest.de/pruefschritt/wcag-21-web/wcag-21-web-3-2-3-konsistente-navigation,https://www.barrierefreies-webdesign.de/richtlinien/wcag-2.1/erfolgskriterien/konsistente-navigation.html, geprüft, erfüllt
3.2.4 | Konsistente Bezeichnung | AA,3.2.4,Konsistente Bezeichnung,3 Verständlich,3.2 Vorhersehbarkeit,AA,https://ergebnis.bitvtest.de/pruefschritt/wcag-21-web/wcag-21-web-3-2-4-konsistente-bezeichnung,https://www.barrierefreies-webdesign.de/richtlinien/wcag-2.1/erfolgskriterien/konsistente-erkennung.html, prüfbar, erfüllt
3.2.6 | Konsistente Hilfe | A,3.2.6,Konsistente Hilfe,3 Verständlich,3.2 Vorhersehbarkeit,A,https://ergebnis.bitvtest.de/pruefschritt/wcag-22-web/wcag-22-web-3-2-6-konsistente-hilfe,https://www.w3.org/TR/WCAG22/#consistent-help, nicht prüfbar
3.3.1 | Fehlererkennung | A,3.3.1,Fehlererkennung,3 Verständlich,3.3 Hilfestellung bei Eingabefehlern,A,https://ergebnis.bitvtest.de/pruefschritt/wcag-22-web/wcag-22-web-3-3-1-fehlererkennung,https://www.barrierefreies-webdesign.de/richtlinien/wcag-2.1/erfolgskriterien/fehlererkennung.html, nicht prüfbar
3.3.2 | Beschriftungen von Formularelementen vorhanden | A,3.3.2,Beschriftungen von Formularelementen vorhanden,3 Verständlich,3.3 Hilfestellung bei Eingabefehlern,A,https://ergebnis.bitvtest.de/pruefschritt/wcag-21-web/wcag-21-web-3-3-2-beschriftungen-von-formularelementen-vorhanden,https://www.barrierefreies-webdesign.de/richtlinien/wcag-2.1/erfolgskriterien/beschriftungen-labels-oder-anweisungen.html,  nicht prüfbar
3.3.3 | Hilfe bei Fehlern | AA,3.3.3,Hilfe bei Fehlern,3 Verständlich,3.3 Hilfestellung bei Eingabefehlern,AA,https://ergebnis.bitvtest.de/pruefschritt/wcag-21-web/wcag-21-web-3-3-3-hilfe-bei-fehlern,https://www.barrierefreies-webdesign.de/richtlinien/wcag-2.1/erfolgskriterien/fehlerempfehlung.html, nicht prüfbar
"3.3.4 | Fehlervermeidung (rechtliche, finanzielle, Daten) | AA,3.3.4,""Fehlervermeidung (rechtliche, finanzielle, Daten)"",3 Verständlich,3.3 Hilfestellung bei Eingabefehlern,AA,https://ergebnis.bitvtest.de/pruefschritt/wcag-21-web/wcag-21-web-3-3-4-fehlervermeidung-wird-unterstuetzt,https://www.barrierefreies-webdesign.de/richtlinien/wcag-2.1/erfolgskriterien/fehlervermeidung-rechtliche-finanzielle-daten.html,nicht prüfbar"
3.3.7 | Redundanter Eintrag | A,3.3.7,Redundanter Eintrag,3 Verständlich,3.3 Hilfestellung bei Eingabefehlern,A,https://ergebnis.bitvtest.de/pruefschritt/wcag-22-web/wcag-22-web-3-3-7-redundanter-eintrag,https://www.w3.org/TR/WCAG22/#redundant-entry,nicht prüfbar
3.3.8 | Zugängliche Authentifizierung (Minimum) | AA,3.3.8,Zugängliche Authentifizierung (Minimum),3 Verständlich,3.3 Hilfestellung bei Eingabefehlern,AA,https://ergebnis.bitvtest.de/pruefschritt/wcag-22-web/wcag-22-web-3-3-8-zugaengliche-authentifizierung-minimum,https://www.w3.org/TR/WCAG22/#accessible-authentication-minimum,nicht prüfbar
4.1.1 | Korrekte Syntax | A,4.1.1,Korrekte Syntax,4 Robust,4.1 Kompatibilität,A,https://ergebnis.bitvtest.de/pruefschritt/wcag-21-web/wcag-21-web-4-1-1-korrekte-syntax,https://www.barrierefreies-webdesign.de/richtlinien/wcag-2.1/erfolgskriterien/syntaxanalyse.html, geprüft, eher erfüllt
"4.1.2 | Name, Rolle, Wert verfügbar | A,4.1.2,""Name, Rolle, Wert verfügbar"",4 Robust,4.1 Kompatibilität,A,https://ergebnis.bitvtest.de/pruefschritt/wcag-21-web/wcag-21-web-4-1-2-name-rolle-wert-verfuegbar,https://www.barrierefreies-webdesign.de/richtlinien/wcag-2.1/erfolgskriterien/name-rolle-wert.html, geprüft, nicht erfüllt"
4.1.3 | Statusmeldungen programmatisch verfügbar | AA,4.1.3,Statusmeldungen programmatisch verfügbar,4 Robust,4.1 Kompatibilität,AA,https://ergebnis.bitvtest.de/pruefschritt/wcag-21-web/wcag-21-web-4-1-3-statusmeldungen-programmatisch-verfuegbar,https://www.barrierefreies-webdesign.de/richtlinien/wcag-2.1/erfolgskriterien/statusmeldungen.html,nicht prüfbar
